address,amount
0x0000000000000000000000000000000000000000,0
0x0056D1fd2ca3c0F3A7B6ed6CDd1F1F104B4BF9A9,0
0x00BA3CA0B6Df1486c912893d9f288311A60ED753,706167971437928971931
0x00C67d9D6D3D13b42a87424E145826c467CcCd84,203427900742227082029
0x00d5D64dc14C601909aBDe7522e1BBbB7b582732,96854019659017101135
0x00f4996324943D7e8497ce6a1Cf88969a0B08A24,0
0x01298D8c3C581744A7985D91deA5FbCB9f4F58ec,0
0x01e6fd0aE73D9194b19f9B376065577927A0D5f5,63371759323191654627
0x0252d89c8781b88858d5A2dbb8b9CF613f84917D,34610124945627664361
0x026247030937744C72544556faa78EDbEA487265,0
0x0331DEbc490c5540ef4773da5B9Df146aa2D58c3,1780229415213697845
0x037dFD569DeFBC08aE28001159b4c49f6d006cfF,42358088016223866878
0x03C65618d9Ca830d9099B66bA6bd52A3B0344f82,93055761213635938244
0x0430605323465E26Dc21fBAaA9A1A4Be6ae9d496,59522382698948921267
0x04C89222715C4C45b9aa9Efe14D2538776a6003E,464419061895836495
0x05553bA4d6c81d877543A168E3238C07978Cc083,25114720678199965141
0x07619FBeC9132d12F81B8de9E6a82E6de2589765,41119803065213089903
0x0810C422E4abD05c752618B403d26cf60bB50B5C,1109090721513191951095
0x086Da66f045EDC6238e762634680e2a4fd6ea17F,0
0x08B48e886349a289da156515083c119962395055,0
0x099b6EDe4689Ea0f6DAc5126BD96bbbC719a9389,10673846098347760525
0x0c3fCda037ad897815Ce5B6d5f517133bed37195,8745634117413861414
0x0C6AC3FCEA667fD6C62483cE1DBbce6f6ce0fB1f,0
0x0C76E22f480c55f31bf6f937517Fca0f45804306,105909529401650269022
0x0ccA4E5FD4f2Ec0beC7B246e1D1865524A49e1b9,0
0x0D3d681762f9eda9541faB6AcfB17c50025b630B,0
0x0d4b669675aF57C8dB631263731De924f45E895E,0
0x0dD16908663523E03C11C0dC14FA4276C1010a6b,32765896788041515283
0x0eb05D820690d5431e77Da717dB825aFD83C9077,0
0x0F045a0D77D24c326316E0315354E7Df28B4aC50,0
0x111cD92405B1Dfbd19882D361418F49D99d8FED8,136167404830024174314
0x1146f36Cf74fBB2971DcDA652d0a3f4289a39d53,12460946317052477487
0x124C5E21A073Fb4694308fBDF72aF362451EAe12,12415257533167854495
0x139776871Ee95f55d20b10d9Ba5a0385451066cd,85329848299937559763
0x14B30b46ec4fA1a993806bd5Dda4195C5a82353e,43761675083622244909
0x15579f74c1B93B573C0a4d865011EC68f909FD02,40784588460853608794
0x16765c8Fe6Eb838CB8f64e425b6DcCab38D4F102,1267378303593628934447
0x1754352eacb753327Fec2d4F48f0fb36B672C5e0,1299810935091388789029
0x17e33637f6B64E9082Ea499481b6e6EbAE7EEA23,1881089521276728165067
0x181cA3bAf264B228bd39434f8E080033Bd1E1201,0
0x18F23C3b96918518235136920F39Cb833B113F00,1962404455695482758
0x1959b5EFb8fdD52C688c1D685Ad8F3D82ea27B01,21669283471292290865
0x198ca1beaCF70b82c4e6dE21E8Cb7b6dA6D8477A,677023901313156747574
0x19a61e7238270CA99F931C08D7BcfF1984F38AE4,284369359907797507633
0x19dd92C9A9c4Eb6f0426846C4F8a071A7b79209A,260359942475164356285
0x1A1087Bf077f74fb21fD838a8a25Cf9Fe0818450,401632979172451950517
0x1a6db538813Dbfa63E1F19f8804447187B7D401d,0
0x1b50afeD405C9930eAe5fb3803418b03F9615B1C,349539098907139675109
0x1c1A631450FF768b6355180538a5C09Ee9774F34,18258704324806811194
0x1c7a9275F2BD5a260A9c31069F77d53473b8ae2e,18736093088856403465
0x1CA4C34b18ECF1df4bA7E2AE0EC1FC5960C349d9,649316692442578526193
0x1d0dEC082d0e6F07dC34AA17C0B55D630f0704a5,0
0x1D40cF4C11BdC78515E121f694C479F1bdA4696d,0
0x1d617863548364263284Ec52d11487CFb806c021,8382729336929031945
0x1dE4F046c45Cd4E39cfCDF36b7DF4856B4031955,408946726976009455909
0x1e57d972AE6Bc70c101996f0d398BB683Ee052bf,35640082918266640150
0x1Ec289BD5F002B7969887b8E18a1625052a67D0d,270245181833406969305
0x1F2f40fD6770Da2bb833825A1DfD230238e4ECDB,4392188209737002598
0x1f540E4D3211D393C31Fa343cFFD080D9B11b29e,302826586386056278896
0x1F9b4F7A0605E4574562938CBdBFdFfe8605d4E2,0
0x205F9409E0a28dBc7E19A53CC14b9b2eafF9c2B1,1806094942871581923
0x2067BEd542762D26E2755Ce7d8776728F3429f48,100959374419794231153
0x20A1A940FA696513bF938FaC130F5272F38c0DC8,16161665689128104926
0x21210E9f52300880E61D0fD0D08d1b882a6369f9,879627256283441312008
0x215C44804627920a72692b20c6DC80deBa946cF2,0
0x21F35f686f4e907A1A46D67fE506E9f2a1ef64d0,8408829708151326638
0x22bE1f5e8544e71A390cED1b6a82b477b1127Ce5,66010792053562601686
0x22e81335f9D4A609DF42f56ba5B583f565995296,523385708092241264120
0x22Ef6D99F400cac50CEAb09e6ac3AE6882ba0B6c,0
0x2346B18e56010272035e8eA7CF4C757Fc4E3f46a,172862106985104380513
0x2437Db820DE92d8DD64B524954fA0D160767c471,174384758089571821117
0x2459d93923CC940E3AA1935Ead83eF8011534BB1,188345218567621084298
0x246BC9695D9CDca034D648EC1Db3C1e74F0A6CaC,0
0x2482Dc04AC628a4b2700c071BFEe557Fd86C91EA,60048306540279247160
0x27E5E6074e259d98d6468454C32673E0e6f354ce,34464948554575497084
0x280dEd1b7e430BeD0Cbb0Aace452Fd2ADEf2b581,4319683828969649581
0x28579946078515C7C6abcc57F3e1088fbF63B0d5,0
0x286Fa98383c81623D918ef58BA0A5EDe6EB67A54,0
0x2b285e1B49bA0cB6f71D8b0D9cAFdFBf9868fDA9,459129551405455880184
0x2b614ecc9e91aF9D056EB8ACcCF5D9928A7cF4F7,10997029985494634168
0x2Bc0f177ca83691D8A8A25474feae98Af0DAc17c,2504863361527090446
0x2be4AAa52893219eC124c8afc8168b7A6103811A,118978279225689763
0x2C287B06b9A3556a909473D41245De1A29f2E35A,4826838019013828493
0x2C9139D5eC9206Bd779A71ecdB927C8cD42E9639,0
0x2dCa7bF37C703e685b8ffC2985F6EE6c96a3F9eD,274258680752032988943
0x2E6a4C895E3a466f86cc00d9f8B33A1eeCe3fc5a,0
0x2eA8E4c3768FDb6677548F8AF2FfDAA0BaC630BA,0
0x2EC8db4C68717b9101578a3760cD70D859587b43,0
0x30040b54554928929E94eD3f0b9282f666e950eD,0
0x3006ef6777ccC79C3aF305101Fe0B3D14bd47b59,0
0x303e62Da5454c9932EFCBfE5002922f3A98F34a2,18969722762288416948
0x305308cC98560E63e933A6bD70392617c9829BF8,55967152780204990547
0x3070f20f86fDa706Ac380F5060D256028a46eC29,41815332545321717768
0x3170606aDd67Ee893d23E4aEe79c1A4997ce635a,16954155211465654632
0x3230a79C196958980f058D0DbD5e6A5Fd3EA1778,371096597959193672699
0x329c54289Ff5D6B7b7daE13592C6B1EDA1543eD4,220438585012159889464
0x32F41B50f8d569f22DFFeDc0F17210fb49350784,111925650299708280680
0x343E3391e48d3a33F731D35A5179a26fd2b5f693,72840516278787604681
0x354D6F97482C3e533bbdd3AdF65570B3D172C9aD,0
0x3704fa506D4A38199e7Aa1BbeA7d55846CA35fbe,28960114066191570590
0x386e96E10447095A99B919DefC955C6D4835C279,0
0x39823aFE1590DbFA8091bE5f435853Cd73c41ae7,0
0x39C0b762b3A5c1a73f015e4F2652c2c4eD0F79f1,1814328280261584656
0x39E856863e5F6f0654a0b87B12bc921DA23D06BB,55029473022966491080
0x3a0c5583d5AbADEcD7bb043709c4b1aED89267D6,1302005550773270847899
0x3bd59eD16c462b4464091830DAB828dce079076f,1403468900503719071
0x3de51076B07cA102ABF377a0718Fb377669C9be0,0
0x3e0cf03f718520F30300266dcF4DB50bA12d3331,0
0x3e541DE9da4dCC73c7Cfd225D4dA6f232D758393,31129820029426204972
0x3F3dEDd362020a229CcA78D19d535D6971fD667e,0
0x4059457092Cc3812d56676DF6A75fD21204Fbe2F,107746525069324954481
0x4089EDF29eC3008d7D99Bf565D03E8Ebb388E8a3,1782110538511741335
0x40aED6E410a780154a4dCF62c37dD8Ba54F08FfE,388056655888163269335
0x41587094C1Ba4463e29E772aE03BF9a132e8809C,639959632599750655
0x4188c45B8dfC8998Ceee2398e746deC2797B0961,2405786837056516403222
0x41c0F529F559c6A3ddc324Cd86A6D0c75b50c949,0
0x42556f667Dfc74704914F98d1e0c0aC4Ea2f492e,600955644579760299728
0x427197B1FB076c110f5d2bae24Fb05FED97C0456,41551086248497315859
0x4281579D99d855F2430C95a13720e53a0fCC0549,4972097663500028319307
0x4282Ec9835edad61b9A58Fa02b78369D0978C430,181286076457654370225
0x4284E75CbEf8F56c185d6C3bDc81969Be0F664E5,0
0x42b23bB838525D458F2B8109219eF45d229067B7,0
0x43050429EA94452b611bF09013A246179DcB3c57,0
0x43079513eBD84AFb15BE79021C420Fe8055Bc635,21040978806447716144
0x43499038911cB4753595BbcD17170DC50123773D,0
0x44aFfd16cc53Ffb96E40c3caeF33261600DeF1AA,138484910903304579534
0x4539f999Feeae247BDE0EcBb406f70EdF56e576B,17885911216826576500
0x457Ca8F72395CBd473eba421dd87544086434345,99438956121632808299
0x461F635488972409981EDbD043834dbaA7239FA6,6280544417052667350704
0x477c8ece9393713D258169Aa50cDaF27E422214d,216579751784770324423
0x4796E4aFD565e43B7267F1688ec09B6A246cB5fc,214098372910879214252
0x4929f4d38F2955649b5aa34343da04cf790B9D92,789631403674518199399
0x4998976bDd0E873b586843b9EEb5d58a4E3B78a4,211257173987566717404
0x49e2a5Af17fb2b37a0FF460217dC7A9FF4F34f90,12779449046417486988
0x4A1c900Ee1042dC2BA405821F0ea13CfBADCAb7B,0
0x4c32f7CE77908124862f59055Cdf1bda71861D5B,3553083728246625685
0x4c8330894F7081913d2Dd0DD7E54845eB5F2d870,1826959669951726254
0x4D04EB67A2D1e01c71FAd0366E0C200207A75487,318794154065176342054
0x4e4842749E799B384601489f1653213d86C31E1B,0
0x4E62CF78dA0c0D97D06BA0b3E26cF695bbBc75b5,0
0x4E7A35E672256F854D4e0a8851CD7965b8B53D67,0
0x4e97DA0282BB922C4938bF6122F8e493D6FD6A20,0
0x4f38F2DA7720F1077A45b80E88c0A78C0144c136,17216011666064295840
0x4fcb2161e087F3A4153545A25304Bd4E123A0e07,4398136281417206560
0x4fdcD0496F4c2D3629C0741626DE74d24A683E50,2358448884371450187
0x50bE72F4DAc794D00f84786dc414F0107F6F972B,148204723336783470212
0x513AeDacE44cc9a0724CA276a8CeeeE950903576,90954082544983196301
0x516A0121671C709c4a37F6d9690E11bcCc5B36dA,9679675108858686939
0x519A0dF0Bd2b586b6F7126799c30A243E13ABCbe,1895038128955367831265
0x51D679666D6A24653F1fAe57a8B1A04F69abAb99,0
0x52876dAFDc67238390477Bb2403BdC8021944ddc,220889017210846699386
0x542256Ef33279C5545AA71f4b3B6298990f30Ffc,40704311470888104992
0x555c929D0f0162B6A434d924865Cf10b667F98E2,0
0x56446712B219fcC34a5604f5E7AF5d50d65B6647,0
0x56FcfEb7D7Afa46C9aA58F08a04Fbb11Eb27808C,251913506436834236137
0x58A7049694AB77d9e0B6ac36f8045e085781B480,0
0x58d4F668F37CA6D3667d0A4EbbAcC3f29D4B3beF,55529551409266558445
0x58E603d9824976F7a3940C6B408F0Ffa523a216C,11173759830112234295
0x5909947Bace5Eb03280F3B9D198ce9Db26d94492,0
0x5976fec487B0640e97BB0Aa67a4AD81D76C6AA77,0
0x5999865518C9de250b820762130FF7A7119A4558,0
0x59AB3cb9CA8B7910Ba2D137A138B69bbF85bDf28,0
0x5b0D3243c78fB9d4AC035fB2384FFdf7A9eF6396,145703893161785845914
0x5c2cF283C3baCB15b3137d5E8af30643b33189b0,64038982262815246627
0x5C7a20b1EFa9A2aB5F448b651Aa264F233076C4C,1334600051178642970087
0x5d47e5D242a8F66a6286b0a2353868875F5d6068,96308603372644948528
0x5dA68351bD082aBDA73E42Ac981dB51d9364fe69,2453862870736023883
0x5e01f5ce73fcB34B51592F4138A38c7d51e10362,0
0x5E03b07aE157EE1CA5BF2F3CBE5BC8dc38F3e965,0
0x5e8E40Cc5861CAeBC75fA470a48752F157A28024,9504003520338920128
0x5f73a24771940b8c80b3570694072f606DF913cc,32146337039704969766
0x60940e32741BE3a849B1FcaB8A756270AbB4f7C1,21704359400259597921
0x60ab39Aab2bCA84A9099CEBC89523C10FcBb12b0,18802713559298381150
0x62373a7d753ECea3Eef5d2EdCD8C4bE4E40CE0f9,0
0x62661B101ca48734668669a9F1Cb83c4889049F3,7353611667121026047
0x63BB46461696416Fac820Bf871375274d97b128e,109671856916011020985
0x63d0333D160f9971FB898Df00627470Dd15c50a2,0
0x648E180e246741363639B1496762763dd25649db,0
0x64B7fcC8C17540139BDd84d00c7261035602Cb66,1392965759187338390547
0x6593f0DC654597A5Bf2f78224FEEF81a545C1222,6282561206603018812
0x65B0F840ea292fc284C23Fc839e65b3951d46195,22791821628086769545
0x66300889AFb808626498c28e3811bb9B06A014aD,0
0x668bfb5ecD91dd69E04200adA34162a19D23E033,0
0x66a3Bd05e7eE207cB4688c56a4aA055708994Ecf,79834900722250073160
0x66d0E180af64fb368679F91765Affc99174396AC,86380374070800049020
0x67017BEbE2A4B8645B28F83D5D472618b35a1230,113929444142030414348
0x67BC76E8Fd78CC59594C9F43C643eA7CAfA48669,0
0x67e326eD4972650FbC9541b81A57dED004f3e4Ee,237026569124781021037
0x68F18759e83a21dA121E134949103bf5F0737073,413617964621099270121
0x68FE88060ac8772d9ec7F40deb535c4873260F8A,0
0x691fA5626fafF0DaAddd416035bADA13aC88FB61,46923745725515612390
0x6a1a3eCd04DF0fF2d7cb25584052CDD173fC609B,0
0x6A5170a1987eeC647868B6B71C550063f2a4779C,0
0x6Aa7EE5B0e557d50382A6d18B5e5f0c7eECBFfb4,0
0x6AD7baBfdC153ec9dDC78b49523f33FFaD4f3631,0
0x6ADCF08deaAf5913079707f923279ef4c6D5225e,0
0x6b7Ac46d09d2ADF4CeBe2995EbF9d97E13E9E257,2599871715376724743004
0x6c064fB0B9956b111fDCFE4297c03C980DD7730C,0
0x6D6D09B2AADDfBd2447E27b9E97da47e83a2f0E4,0
0x6D8804c4B0c246d076dC27A5D6127Bd2C8BCE219,0
0x6D9148E201304Aa9ccA58a759A134A3fB58FE718,0
0x6E1C5ACbAbaF0B3c73D4412c17C40D2F1D2e183b,0
0x7091de9A5435dbA7F051045d64c5ef56bD96064e,0
0x7136fbDdD4DFfa2369A9283B6E90A040318011Ca,0
0x72b223De2F773C814465C4A8f2Ef9FaAe702Cfb3,1090184606314862967779
0x73197eD80b1784B2facE98d1600c37190fDbc3D9,14891452895815261176
0x73B3cE33d3750fcEe9aaB1200B80c5AA66B4b5fa,0
0x73Cbc02516f5F4945cE2F2fACf002b2c6aA359e7,256106424083004393717
0x73FdDe9A7973f8De25c0ecE9D158E1b529C3939d,0
0x74C4623d7609F3eB2665aD32Ff96B44856b6051b,44693860891761653063
0x7558B9A644CcD3C815F7b717213Dff0B0a9b0f98,0
0x758C5366c1C681E102C469C342EDcc8807AE0060,26196035869065127649
0x75Bf35F00D243c9f01a27eBAAFdBaE08b4e00b00,0
0x762c33949E6aa8029AC122f983DE675233d446B4,0
0x76809DEB9333B256398f04e9b06759d3f55944cb,0
0x76977d13dbAd4672fabdCc1B2c739f5230d8c2e1,14632002772579683705
0x76E0266c3C4d2766722A13db031714cB208C922d,12566711404650399977
0x775797e5CBA871DdF85496d96B201FFdecF83ea7,45085435356660739743
0x7763D4CE482C35B59AA0fc48Ae2EABd00F60b82e,0
0x784F0d732aF31C7d70F2e37761D388Ce172c7482,231486686212026265003
0x7917d37a540c6d26ffeEbD2dA51875ecb2568eA8,0
0x796AC8a608b252284001Da660f397Df935d25233,59951088567101670944
0x797BC498EdEE4357a16a1054dB0323CbD04C84c3,2175243985729314121
0x79939118Ef2af99E20310eCC5CCC0E9697d390FC,3284307394331874920873
0x7A57546e74Ada6D8d93892Ffa11a57373dB45E13,48959378779403991318
0x7B79c37Bb80cc76Fe6b758c7140228FEcc7e2A2e,4821253552593933592
0x7bDb45b1fe5B3eB17a4C7a16C9750C7e10CcF08d,0
0x7BFEe91193d9Df2Ac0bFe90191D40F23c773C060,0
0x7c2848826de6bA917FdCA23cCf5c2C3e1CB031f6,20001056731723069687
0x7ccf173012bfE53F16F4D6A2a4aea32abAfcD04C,1099437029195123008552
0x7Cfed2A2d4a98680daC6aA55120f5AF2EC562EbD,1300282177723607219737
0x7d0a2547b23e5F91F448bD9D2ae994748Af2C1E3,90080894770876500340
0x7d974f3945E6FdD158828e6A0284fE54Fa876567,13809088852433463335
0x7dd508a1e4Da1243789B799a480f8B45e58b1B5b,16651077826824328334
0x7DFceB66eE379b66946158c40Bd4cac1C7db50b1,0
0x7e31762d9DE5c054d0be32670137CF3C8462fDBF,2787582407622322146
0x7E938881C1b33af6E774b27908B32F28D5B35b9C,59111425432539016862
0x7ecF3a3ea7Cfd250dA7fc33d85bb2157706f247C,0
0x8061199A31983A077E691C08B2263a4CF5c24093,205764101015724599989
0x80658E3657882cFa73fff0eb20c92Aa5E948230C,1120190562885304777849
0x80FDc30D21A672EeF723b809Ed4ba7c91728D421,706599792066622026519
0x81aFcF6Dd79897cBa488471eCEc2f41BF3f7CA9B,8996746772247053660
0x82703281e7ff09CD2492Ddb6B8c5Fa645efDA819,357325521955964115952
0x827eA2C64d3f5093F632ab6DaA94EE8d7eEe0686,0
0x83111e1888C1e49e8703e248EDEAA34EF868A1DE,13241679938934979467
0x8410373DF6E9b20765c9599c26d585B2cd0Ef628,3016012390370055739209
0x84bcfa8Fe160b271dc49B1Fb263ad995e0C2c1dF,879627256283441312008
0x852cFCA2F9DB0D9b2016C467BDb989C694f078F7,2137494232768762388
0x854f18D14E09Af41AA458A9DF7aa5Bd0cd3BE7E6,732730181989477857582
0x8550dEb6EdB4e0b7CeB137a06ae5D5F88c45De77,0
0x86CDf20021c2544D8e3d1843ccc5780344EB575F,0
0x8703BDb1b413060a13c2f4712A30ADC86B34f7Ce,0
0x87616fA850c87a78f307878f32D808dad8f4d401,394443080935365287483
0x884999214c56091853765B9D4323Cf8BB9f7E699,0
0x887C3599c4826F7b3cDe82003b894430F27d5b92,224663681745942834464
0x89d2D4934ee4F1f579056418e6aeb136Ee919d65,12039698971749679100178
0x8a1ec127978bCC7499b2A188Df2Bd1810F522Ac7,7563978017058591717
0x8aB9cFE91574ce10cbB16750e207EEBd89e56a83,0
0x8e2540edfA7410B6f32f54D4cBF715Acfe2F2e5B,407081005874801975069
0x8e851e94e1667Cd76Dda1A49f258934E2BCDCF3e,913959203247275881312
0x8f9f865Aafd6487C7aC45a22bbb9278f8fc06d47,246386875035289974372
0x8fe4e9F56152Cece6771Fd01A1ef596cAEC3EDBf,12461868592051028934
0x9064Fe489B444393EA2Ae8d24FE21f00557b3eAb,11347985643116821635
0x9128D7a95b7811af2da2cEd9116b04C78792b84F,0
0x91B26b4B49525fDFfff2B099190149a52A36c3cA,206712125180092211249
0x91bC4c63c71AF1F8951D73B155cB0e0C92386481,6246830369808984156
0x929A5753C41eaed288F946bCBFe4a954Ad341797,101157134472595750880
0x9309026ae5f4c5ea1D6B5812C49C14DacB35211b,0
0x9475C20A19A6B36807abd9dE2a428642AC590f00,1762363708820208003
0x948FED1E5ea61971C9CcfC05688d6d7b25458581,2296342600471963920
0x955A44E6baC7c2424Bb52b81870C01D28fCE0038,116339897631813341498
0x9575E331988058247F27ffcd1B9620F10DF028A8,0
0x964Ca78fA3ab137e5BA050DD2C3531B629374A39,66663668415612293853
0x974Eaf2BF3514674E87b8664D7b53896704cc322,37777786386022294863
0x976DcA1615502419B7003A1853E022b023d47Cf4,13224916507554337015
0x97D2767Db42135E1E2a5Fd7dd3e11646EF4d2b28,0
0x98026cCe01f9A30A7D645F5a9FcDcD7f83DFa995,8796272562834413120
0x999E3f0cB4D829B432BA63B0E50119bCFaf9e1b7,2304159662480255959
0x9A456152E0Da127C30a49357A461f4c3F80bd630,1142787456281342264512
0x9B5416219dc491519cdf4523C0c2Ed290b780A9f,1944118166780680562
0x9b560604691B60fB6dD7C4D3E585d588cA95dbF7,1437977180534527509
0x9C1296098183Aa5a16bFb61c2a41FB78e31Af721,0
0x9c57027B1eca93093a6F446422C59C85A5A3Fa52,4434359081974772003
0x9cA10fe0cCc43d8464e91938E56411e6eCFb8e2d,0
0x9eD629Bc305c5731D43de27Cbbe8F77976893c2b,83766808175445351391
0x9FfD0a5b5438B95861167422E745D34d151bcc3b,255934361865589043
0xa00685C1e5dcC40Cf6b70f254C50A81774Da31dc,8902861296398475184
0xa18e1B9a277f8e09133CE6a0219B31d4B482A162,7305707078960104661
0xA1a998d0F80FF4767047A8a99110Ef0783286DF0,0
0xa1E91a4CF28f8C098C7bAb3093734Ad38B89f278,0
0xa2f696958A5e023014620687f1D34755c707E5D1,211110541508025914881
0xa30C7B2e676bE6b0C26D631c8161b62eBeBC3cD2,10495271229300314514191
0xa5cA469103c502c5137AfD926a644253fE5FB73e,162450679573574826192
0xA5D348E0D34EA0B19B7EDafcb1aAfF0d9AB42336,0
0xA6b94Ce98D6CD4f447a9C6788F169DD17f65f747,0
0xa6D1FEda6fc70680816eF6A23faf5e454e2f9C09,134782095831507684764
0xA730f0255f61e54F999852aFb1783A77aaf9ee15,7619329743276379271
0xA742A54E0b9Cd1Cac03c8F569bA4C606694261f9,1320785858760330728226
0xa972691EF44eb3bad4a015399BA43a00EaD047f8,224799412967092440357
0xaA1A54BfA93Be8Ac8D01182827433F227ba59e17,42707451067266999024
0xAAe6212D640B7f66abd9D9e0284b5ae8434EA109,0
0xAB14a078201f92918674206bFd803F34b9C1a0Bb,479518895454289474403
0xab4382aAdae5bF4b37B90b9dc07FC72D52e2a28A,80799750168631280661
0xab58779cec2B82A75Ffd103fDc88D7e3aDb13468,49707340635682589182
0xABC06d10A5bFF7761C01AE5591597088008484d5,0
0xaBf26352aAdAAa1CabFfB3a55e378bac6BF15791,0
0xAC3c2F091eDEA973F666173b3eBd242A80FE411c,88893806873094504062
0xAC60913f8E9821E9006507b05E1956f5A82749c1,0
0xAC9283ebcd0c41FAA7A5399Ad94acc444954b446,797781390149562261860
0xacc33E6BD41D6003334149151d20931c4D449178,0
0xaD1A787a26Dd30B7A810417bbe96E32f12564D83,439813628141720656004
0xAE1692D8D045716c948B707550e91DBd2C55169A,0
0xAeEca1F1911Ceb3b052b38eE86dAd35C543c88a0,426969735393865833
0xAF312F43cbe83b44bEbAF47b203D6099BC73A84e,0
0xB0331b22161cA290A15f825A29C008dCB5e1ff68,137888040199786693992
0xB05136FAcE3F8c6f9e6CDb076a38Ee6D4910f6d4,0
0xb05607F54F95392F7F96d8F5d20649122E11D975,0
0xb11C0Ad983cf3c4912FD37809522A81aAaD3b1ee,86285806560526409431
0xb3a7FBC2fa38C18ad4433aE93FE7F215Fd2D057f,20209110213626612888
0xb464CA834796272E08Dc6460940B281B046a2cEe,0
0xB478d2e5D241683667e15c9c79a2Bc0e5aF35923,305437217471631133298
0xB4ADB7794432dAE7E78C2258fF350fBA88250C32,0
0xB4dC4C7460c58E7652Cd615675a1F707EbB67E9a,61501584872352415959
0xB5507Aa0Efd9e1B6C343c9eC3f5B4e5C40cEF654,3903259335608896534
0xb6Bc98F5D7F6CE3c0946f7675128ab673e6c5D41,14342403815922884170
0xB6C9e6A2415aB8d26335498BEAc8eeBED4BB2259,78631583781317001630
0xB6E994d559a13560343Ab6dFE58b4c46AeE8705f,25582750925461198341
0xB6fcA91D1c166564cC9888F96b3B553f42C96349,172665277587069800258
0xb807d4Ea488A0A4cc9883961abb61D20e474a20B,48547051677422452139
0xb8767b8AC030cb2DDb7605F6E79f342f707F73E1,75221236858352855452
0xB98eC0012FBA5de02ab506782862A63A7945ee9c,0
0xBa74e6E09B2Ae7470a67dceF71846216C83CF36F,0
0xBA7e9Bb153F9c4C32903b721eB53B751E2c0bF12,98732088332380850406
0xBc4811f78DCb2AC60c026e871f697d87Fc36022b,0
0xbC60AA031a9f34BD7992c99eaE5e2C4Dd1b5dBc3,0
0xbD1bfF03034aC340235E48EE35c85b1121b8198e,33245015114265452509
0xbd5361A94c803D26240A6B5586710ab48ed1d9Dd,0
0xbE8Fe12B9EB1CA2a593e6C070c71c294b6FE9f00,0
0xC04A14172EFb4558Bb49Bc360039D8df4F5F9577,2601616873252734796
0xC07EF9FDa2d42a7757172f6A7CDa2a63599591ED,30786953969920445920
0xc0AFEF712a1341cA78dA145B2AFAd346E8C3574F,36206596434290578786
0xc15c75955f49EC15A94E041624C227211810822D,513115723573222812662
0xC1B7Ffb3b6a04A31c429b817F82b9C7bEBF3E254,0
0xc1f480389B9B7c5471B48F910657F5e08687B763,0
0xc31dB4e4d5C2c803A3B1b3F484e248E70185D40d,0
0xC3598d91844B061195136600AD243b077Cc164e2,5556053455198725331604
0xc4063235CF1f595A1f85a4941986b214709B84b8,40171782649512244696
0xC43D49a247923F1C7837c806a1eEaa1891387f75,0
0xc4d6fdEA25346267441622FeB0e2618544Cef228,358655744362517137108
0xc6C6b53c67Ad86302d501F3e8623Cf98F6291F6D,3968174345409180550
0xc6CA65DFa134481a0910bBE0BFA9a38c76012217,24908554926080292865
0xc6E4Ad3ccdfC65687D2d60a454a8bdDc1F4d6c06,0
0xc86A24B95E34ad68584cD8a3323f87d64F474225,0
0xC949c2f384f0E0fc848A41052E7D0c467Ca43D54,0
0xC9B7F801541f88aE2F62C4C0eED29949D057c951,0
0xC9C03900134fa324422519852094792298c71825,19690993997681908739
0xCA2fcDEFC09c1EaB0b91b66EbD3eB8401852fE5D,8980561064960953500
0xCaB5541bad35e9ee799BeA9765C3c416D8Cc1Bb8,22825762067845517854
0xce56D6b89aBa96C43E8FbF02C3BF34A751952c19,462120804389200540776
0xcFF03aB20709c928d7478764473e386F7b23EDD1,73760657344883475223
0xcfF7303b8E08403438c751bF21c04771252fA413,216639097775726673673
0xd042231Dd90C4C7da131403C3CaC943c7773D654,21990681407086032800
0xD0496A4f61E751dD3B89B316617D9ceC6156c29F,21130175275841188406
0xd07c1e03E6B5A2b4f79ff7feCefAFEb9B5A754fd,493240336864183305
0xd09249db6ED46Bd4544298915b5163F633B11983,0
0xd0d51Df159971CEEF5B77067237d25B8C8ec4B21,52095617465881790254
0xd18a54f89603Fe4301b29EF6a8ab11b9Ba24f139,0
0xD1B067580ad619B32Cc06309012B6b46d506Ed6e,4467951519045829708
0xd27d90b337717Fd91C4D409F712B890D4eE2FdD6,497593296942559990121
0xd384Cc029B537503895fE252f94FBA87A05D677E,27359155912679280741
0xd39ce81CE8e7243494d4149d05dDDD536ddc2e55,137989156560501173505
0xd3C808920D8fCcBeBd181Aae8D4FB2ACd1A433cD,373269982913441691749
0xD5a7412e7f78E03E6Fb2bd133F6473bfe8a45eB8,887377150123972928920
0xd5CBdcC1a7861CF886621162c20A72E9C4121038,0
0xd5F1b41FCFfd669E4DE960263f12C26AdA9279D7,20054179902410902940
0xD63E2Af499327DC60bB06948a9c1f72bE633a2B6,0
0xD6b2095e913695DD10C071cC2F20247e921EFb8E,0
0xD6ccB9d49A2ecd78efC35D6C733214029a1C74cB,134919109754522686544
0xd6e371526cdaeE04cd8AF225D42e37Bc14688D9E,0
0xd77dF77aeD43C370821b9F69BF07B6287bb687B8,0
0xD781F65cD90eE9418C70d1D244192C349Bf1176c,87962725628344131200
0xd7dEdcf8fFDDCEeD9aD20A41A5F88DC1268B3ad4,0
0xD84409d9593413Ca38A3B2b9A2Ba776E7C1EBCa1,10458022065024623791
0xD92684271447917b93623AD4107A246e9Bb181c8,0
0xd98cB41e6878A67732f5821c6EFe703aA5C3D65a,8811772241496037007
0xD9A0013af48591f8524280D6f8f98189cef45308,1816799580049876669717
0xDA073663Ca3CF93e9d7E46B6DCD299B9C66B851f,0
0xDADBbE2886327d05d4266466Cfa9d4fe496b56Dd,7545660780847736761
0xdb4D88080ED478c729B07E23f8e0ccD1f57D3f9B,57128539229518919050
0xDb8D484c46cE6B0bd00f38a51b299EB129928AC0,21544807810501989186
0xdC6CE98A9020905973C9C026c6f3e34df9998D8A,214314481682202329666
0xdd0D1B8aD874A15d020E7b2AF83e213f1f25F066,249112462449394128588
0xDd956ab0f6020c2Be35be89C54Ba8841E290f778,0
0xDDd0baC975c36b435Ea15d350A3036Ff7d604318,0
0xDE60d916a99D51C1bf58D36674492033Fe580BbB,0
0xdeEa4b6448fDdb2a8223a4af773378e047BA253D,129305001002816735568
0xDfd5A73f0D46b563181EC292397Ee3225246aAe6,0
0xE26EDCA05417A65819295c49fC67272Ab247D791,464331107797862436813
0xe307e911991ED5Df44920E648245C49573E6F779,0
0xE31eAf2b6797B2C342bD4a75A98c11141Bf59330,0
0xE3ceB1966728f0f1F614365DBF5dCc84BEe36957,0
0xE4014Fd584388AE6191Eb22E07811E1E5da9838b,86837728108174936501
0xE5A3D77D7788A83f3549dD7F08Fc2aCed7E262d2,1137661985491376309150
0xE5D45FA1B783aa011914486D01f07f724395cC22,3518509025133765248
0xE70CfdB698Dde588c398Afc0563EbF5616aD33B2,27816961807193127892
0xe7B15A2395d3a3073217F85367D16eED8C2539c9,80539615433353345718
0xe89dEe662C94FfEE76d0942f4a4bAD27cC076dd2,0
0xE9c7d60e9b32B64f9306A274730FE681d7EE8F7A,386744420978412422261
0xE9dF41eAD054F9a8E6Fe24A25071A3B571cB6446,0
0xEa9f2E31Ad16636f4e1AF0012dB569900401248a,20947665940697370034055
0xEB2109A191f3B552A38286781B501Cf16FB1b6b8,68803979014071344552
0xeb4135a5fff5cD44c08614f012e103a6429f65B3,114900380405192379965
0xEBFb007AC8E6239bAEe43d4812e0373783e0D34F,699339606966639156251
0xeC5c16f3EAF86a801a3E89201DD39bDDD1786cBF,4085913658909233008
0xEDDb8B0C46193cAEa0c2b453fb1e256AB68826Df,711616225656443056
0xedf4FA418216A13E7629fED73e7448985CC8Bc82,77838246574975886007
0xEE5C256721Abe58Af6f582C0eFd6774Dd2765038,464322314895896005
0xeE620a0991D57f464aaD452789a4564Ba51245E8,0
0xEeaA36420519d85EfaB3b7120ac5Afa5a5825bFB,5607623318993310222331
0xeeBfdF4cE58F4F5442495d7e474d5Da00AfF0f57,246674382276620601400
0xefE7a2bbe01adc090AB28eD422a359b553aAbC16,157013610426316683767
0xf06e77fd9289763C1EfdA7B6901f388F47656102,1338852082519019408
0xf0754756E71aac7aD2B6497E7006F5E44D68D592,443424685578956158668
0xf08d3B4048f472db9AFCa622fea6C54Cc1fe141C,7533740794996699402
0xf15bDFf7a1f2F5D7C4f7cFdAbfB669Cb2630f86b,20338370904965449638
0xF16579B805fca520f06280AB2A539868D75dd01B,0
0xf195faA0602f8b6537a3aE6A30c4Ed618FDB21eD,0
0xF3B7A54e74817003aF1Ce65e65EC0A54C76A86ef,0
0xF3D9281fa183B74F32B96E1c5244596045f4edE8,16908531721942393496
0xF3DD72AC3c9833574491861793e8fFe1f07c8905,603336127520186676105
0xf5Ae0Fc9CFCa106C370CA385AB8A9c42DDf19AcC,7746796250564005605
0xf664ec073b41FD45ba6b6E9B8a83879214b2cE50,1772629005249571398
0xF7B18e107eb36797f4cE36dE756630B9C30969ad,55753885667584736890
0xF7b8a7D68338f6B1d0EFa76eA5964042cbF16aBd,0
0xF848E384e41d09DCe3DcAeD37e1714418e68ea7F,0
0xF8C84C6A4f1083f7a7Fd94885B303A3974116D82,2638881768850323936024
0xf977516D80205560EE3810a2241EddDc4fde8D2d,0
0xF9a5844AC0b81Bc45f448F864D484E0EF5927D5f,125187726594721291829
0xfaecAE4464591F8f2025ba8ACF58087953E613b1,24022590991453699560
0xfB1D7F6c700A053683f80447B387A891D5f76aaC,127892846616090134714
0xfB8aA192dA69DD3DE22a9354EA99538315446c0D,130074536137200980114
0xFB9e5F5874565A6eF8FCF1DEbc4975501331a8Ca,266971908222989446547
0xfc0ac081405AD9B335d6A2d5a0812a4959Ad4372,0
0xfCDF138316302049599D629146C253b08bB3B449,14246201287630999514
0xFd28D67eD154B734257276e5d090721434bd51A4,6840597283939438930
0xFdE2805fde29D74b0A26Df96d473De328e16dbfB,0
0xfDf7F859807d1dC73873640759b2706822802529,0
0xFeFe8736B8DEbEb1592DaC993c81e002aF8C34e9,65457264690559121892
0xff67A86A01C7c90B0c3f3A26B65C25f432ec1751,0
