address,balance
0x0056D1fd2ca3c0F3A7B6ed6CDd1F1F104B4BF9A9,20000000000000000000000
0x00BA3CA0B6Df1486c912893d9f288311A60ED753,31940994001153546390767
0x00C67d9D6D3D13b42a87424E145826c467CcCd84,22286988335279692114908
0x00f4996324943D7e8497ce6a1Cf88969a0B08A24,14876483592402338118436
0x01298D8c3C581744A7985D91deA5FbCB9f4F58ec,12348473358968280013601
0x01e6fd0aE73D9194b19f9B376065577927A0D5f5,7204387866622841793342
0x0252d89c8781b88858d5A2dbb8b9CF613f84917D,2005675872949100000000
0x026247030937744C72544556faa78EDbEA487265,16790994328678296867772
0x037dFD569DeFBC08aE28001159b4c49f6d006cfF,3878229140512553051758
0x03C65618d9Ca830d9099B66bA6bd52A3B0344f82,4180535822626636017738
0x0430605323465E26Dc21fBAaA9A1A4Be6ae9d496,2829230528686119112674
0x05553bA4d6c81d877543A168E3238C07978Cc083,2855154896440280000000
0x07619FBeC9132d12F81B8de9E6a82E6de2589765,4674684961326744235928
0x0810C422E4abD05c752618B403d26cf60bB50B5C,77203951326859146063447
0x086Da66f045EDC6238e762634680e2a4fd6ea17F,4493244654515895316221
0x08B48e886349a289da156515083c119962395055,460830000000000000000
0x099b6EDe4689Ea0f6DAc5126BD96bbbC719a9389,168685280723460000000
0x0C76E22f480c55f31bf6f937517Fca0f45804306,9243292288406226094158
0x0ccA4E5FD4f2Ec0beC7B246e1D1865524A49e1b9,219666666666578800000
0x0D3d681762f9eda9541faB6AcfB17c50025b630B,1000003729243486674635
0x0d4b669675aF57C8dB631263731De924f45E895E,16118889165467724389059
0x0dD16908663523E03C11C0dC14FA4276C1010a6b,3724975158964764595779
0x0eb05D820690d5431e77Da717dB825aFD83C9077,95991666666628270000
0x0F045a0D77D24c326316E0315354E7Df28B4aC50,5731626500250797996720
0x111cD92405B1Dfbd19882D361418F49D99d8FED8,15480125684753350000000
0x1146f36Cf74fBB2971DcDA652d0a3f4289a39d53,1416616666666500000000
0x124C5E21A073Fb4694308fBDF72aF362451EAe12,890304353644063916625
0x139776871Ee95f55d20b10d9Ba5a0385451066cd,1495520856840636576045
0x14B30b46ec4fA1a993806bd5Dda4195C5a82353e,2533500848697123000000
0x15579f74c1B93B573C0a4d865011EC68f909FD02,2534391751715316101211
0x16765c8Fe6Eb838CB8f64e425b6DcCab38D4F102,124483247136889620238994
0x1754352eacb753327Fec2d4F48f0fb36B672C5e0,100000000000000000000000
0x17e33637f6B64E9082Ea499481b6e6EbAE7EEA23,177562095578136261285225
0x181cA3bAf264B228bd39434f8E080033Bd1E1201,4914232105763525756997
0x18F23C3b96918518235136920F39Cb833B113F00,223095003216128099861
0x1959b5EFb8fdD52C688c1D685Ad8F3D82ea27B01,929380216424000000000
0x198ca1beaCF70b82c4e6dE21E8Cb7b6dA6D8477A,27381669565839886631977
0x19a61e7238270CA99F931C08D7BcfF1984F38AE4,25329812745663856668649
0x19dd92C9A9c4Eb6f0426846C4F8a071A7b79209A,2543080000000000000000
0x1A1087Bf077f74fb21fD838a8a25Cf9Fe0818450,2311224565390609000000
0x1b50afeD405C9930eAe5fb3803418b03F9615B1C,25262884726792382597690
0x1c1A631450FF768b6355180538a5C09Ee9774F34,999950000000000000000
0x1CA4C34b18ECF1df4bA7E2AE0EC1FC5960C349d9,60897740599726311872366
0x1d0dEC082d0e6F07dC34AA17C0B55D630f0704a5,429166666666495000000
0x1D40cF4C11BdC78515E121f694C479F1bdA4696d,197056347416904929823
0x1d617863548364263284Ec52d11487CFb806c021,952986537996484547243
0x1dE4F046c45Cd4E39cfCDF36b7DF4856B4031955,15116658074528976615024
0x1e57d972AE6Bc70c101996f0d398BB683Ee052bf,4051725621697012977702
0x1Ec289BD5F002B7969887b8E18a1625052a67D0d,18479110177971313102263
0x1f540E4D3211D393C31Fa343cFFD080D9B11b29e,8600000000000000000000
0x1F9b4F7A0605E4574562938CBdBFdFfe8605d4E2,6200000000000000000000
0x2067BEd542762D26E2755Ce7d8776728F3429f48,10000000000000000000000
0x21210E9f52300880E61D0fD0D08d1b882a6369f9,100000000000000000000000
0x215C44804627920a72692b20c6DC80deBa946cF2,8123270000000000000000
0x21F35f686f4e907A1A46D67fE506E9f2a1ef64d0,735131794428154053170
0x22bE1f5e8544e71A390cED1b6a82b477b1127Ce5,4896657108406980977328
0x22e81335f9D4A609DF42f56ba5B583f565995296,50000669369155319785296
0x22Ef6D99F400cac50CEAb09e6ac3AE6882ba0B6c,4608460000000000000000
0x2346B18e56010272035e8eA7CF4C757Fc4E3f46a,9210367330996266174443
0x2437Db820DE92d8DD64B524954fA0D160767c471,11080072226498989396549
0x2459d93923CC940E3AA1935Ead83eF8011534BB1,13165560814649357011969
0x27E5E6074e259d98d6468454C32673E0e6f354ce,3918131038844241436482
0x280dEd1b7e430BeD0Cbb0Aace452Fd2ADEf2b581,491081170815575849823
0x28579946078515C7C6abcc57F3e1088fbF63B0d5,576197158816832804663
0x286Fa98383c81623D918ef58BA0A5EDe6EB67A54,1017484147348674930011
0x2b285e1B49bA0cB6f71D8b0D9cAFdFBf9868fDA9,46605873679247704678871
0x2b614ecc9e91aF9D056EB8ACcCF5D9928A7cF4F7,627393155605451000000
0x2C9139D5eC9206Bd779A71ecdB927C8cD42E9639,314160354131172978360
0x2dCa7bF37C703e685b8ffC2985F6EE6c96a3F9eD,31178965725870927244130
0x2E6a4C895E3a466f86cc00d9f8B33A1eeCe3fc5a,1100000000000000000000
0x2eA8E4c3768FDb6677548F8AF2FfDAA0BaC630BA,1297570000000000000000
0x2EC8db4C68717b9101578a3760cD70D859587b43,585667900000000000000
0x30040b54554928929E94eD3f0b9282f666e950eD,10891989427490564013763
0x3006ef6777ccC79C3aF305101Fe0B3D14bd47b59,564593639321015770430
0x303e62Da5454c9932EFCBfE5002922f3A98F34a2,875535420969988703437
0x305308cC98560E63e933A6bD70392617c9829BF8,6362598746277452455799
0x3070f20f86fDa706Ac380F5060D256028a46eC29,3254380589408749000000
0x3170606aDd67Ee893d23E4aEe79c1A4997ce635a,1927424950779667071208
0x3230a79C196958980f058D0DbD5e6A5Fd3EA1778,38397845681797952017641
0x329c54289Ff5D6B7b7daE13592C6B1EDA1543eD4,25060454122754946727551
0x32F41B50f8d569f22DFFeDc0F17210fb49350784,10263301339956143456632
0x343E3391e48d3a33F731D35A5179a26fd2b5f693,2292964032252289668674
0x354D6F97482C3e533bbdd3AdF65570B3D172C9aD,1503566000000000000000
0x386e96E10447095A99B919DefC955C6D4835C279,2588005000000000000000
0x39823aFE1590DbFA8091bE5f435853Cd73c41ae7,23000000000000000000
0x39C0b762b3A5c1a73f015e4F2652c2c4eD0F79f1,206261034694104075571
0x39E856863e5F6f0654a0b87B12bc921DA23D06BB,6255999075730596190242
0x3a0c5583d5AbADEcD7bb043709c4b1aED89267D6,125808023816367339500399
0x3bd59eD16c462b4464091830DAB828dce079076f,159552684444271113998
0x3de51076B07cA102ABF377a0718Fb377669C9be0,26900000000000000000000
0x3e0cf03f718520F30300266dcF4DB50bA12d3331,13715900000000000000000
0x3e541DE9da4dCC73c7Cfd225D4dA6f232D758393,3538978562460015188928
0x3F3dEDd362020a229CcA78D19d535D6971fD667e,12083333333332500000
0x4059457092Cc3812d56676DF6A75fD21204Fbe2F,3298216943502438733889
0x40aED6E410a780154a4dCF62c37dD8Ba54F08FfE,38414543276662468489423
0x4188c45B8dfC8998Ceee2398e746deC2797B0961,150000000000000000000000
0x41c0F529F559c6A3ddc324Cd86A6D0c75b50c949,398471200000000000000
0x42556f667Dfc74704914F98d1e0c0aC4Ea2f492e,62733320000000000000000
0x427197B1FB076c110f5d2bae24Fb05FED97C0456,941550886011954064244
0x4281579D99d855F2430C95a13720e53a0fCC0549,475000000000000000000000
0x4282Ec9835edad61b9A58Fa02b78369D0978C430,14407287247150365958636
0x4284E75CbEf8F56c185d6C3bDc81969Be0F664E5,371931857759139352661
0x43050429EA94452b611bF09013A246179DcB3c57,299950000000000000000
0x43079513eBD84AFb15BE79021C420Fe8055Bc635,2223530509115398974942
0x44aFfd16cc53Ffb96E40c3caeF33261600DeF1AA,7346937748306445958910
0x4539f999Feeae247BDE0EcBb406f70EdF56e576B,514567848387458624566
0x461F635488972409981EDbD043834dbaA7239FA6,600000000000000000000000
0x477c8ece9393713D258169Aa50cDaF27E422214d,18430557393804904975845
0x4796E4aFD565e43B7267F1688ec09B6A246cB5fc,20453485433164208710526
0x4929f4d38F2955649b5aa34343da04cf790B9D92,56328674649200783288756
0x4998976bDd0E873b586843b9EEb5d58a4E3B78a4,21800706009817344378317
0x49e2a5Af17fb2b37a0FF460217dC7A9FF4F34f90,1370019700455239154434
0x4A1c900Ee1042dC2BA405821F0ea13CfBADCAb7B,1083333333333300000
0x4c32f7CE77908124862f59055Cdf1bda71861D5B,403930608432820034154
0x4D04EB67A2D1e01c71FAd0366E0C200207A75487,30455400000000000000000
0x4e4842749E799B384601489f1653213d86C31E1B,663000000000000000000
0x4E62CF78dA0c0D97D06BA0b3E26cF695bbBc75b5,295622499999881751000
0x4E7A35E672256F854D4e0a8851CD7965b8B53D67,7500000000000000000
0x4e97DA0282BB922C4938bF6122F8e493D6FD6A20,920479960978865789040
0x4f38F2DA7720F1077A45b80E88c0A78C0144c136,1957193975412330738229
0x50bE72F4DAc794D00f84786dc414F0107F6F972B,14818946010690690943740
0x513AeDacE44cc9a0724CA276a8CeeeE950903576,10340070967022782146521
0x519A0dF0Bd2b586b6F7126799c30A243E13ABCbe,33334937098292241632942
0x51D679666D6A24653F1fAe57a8B1A04F69abAb99,2502803055553369638650
0x52876dAFDc67238390477Bb2403BdC8021944ddc,16088016018777101313194
0x542256Ef33279C5545AA71f4b3B6298990f30Ffc,4627450000000000000000
0x555c929D0f0162B6A434d924865Cf10b667F98E2,504986423866404500000
0x56446712B219fcC34a5604f5E7AF5d50d65B6647,9950000000000000000
0x56FcfEb7D7Afa46C9aA58F08a04Fbb11Eb27808C,28638665370739765625113
0x58A7049694AB77d9e0B6ac36f8045e085781B480,92030695558852898622
0x58E603d9824976F7a3940C6B408F0Ffa523a216C,1270283492274110034919
0x5909947Bace5Eb03280F3B9D198ce9Db26d94492,481635527745613133684
0x5976fec487B0640e97BB0Aa67a4AD81D76C6AA77,922498715794946763272
0x5999865518C9de250b820762130FF7A7119A4558,246243253532499280736
0x59AB3cb9CA8B7910Ba2D137A138B69bbF85bDf28,1575422700000000000000
0x5b0D3243c78fB9d4AC035fB2384FFdf7A9eF6396,9075349765642874898860
0x5c2cF283C3baCB15b3137d5E8af30643b33189b0,3267099873912818301901
0x5C7a20b1EFa9A2aB5F448b651Aa264F233076C4C,128274539168689577344085
0x5d47e5D242a8F66a6286b0a2353868875F5d6068,9538095032620670914993
0x5dA68351bD082aBDA73E42Ac981dB51d9364fe69,278966215883755923711
0x5e01f5ce73fcB34B51592F4138A38c7d51e10362,116055842170320000000
0x5E03b07aE157EE1CA5BF2F3CBE5BC8dc38F3e965,5144000000000000000000
0x5e8E40Cc5861CAeBC75fA470a48752F157A28024,1080458052254403500382
0x5f73a24771940b8c80b3570694072f606DF913cc,3132997395624934311994
0x60940e32741BE3a849B1FcaB8A756270AbB4f7C1,2467449620872801415714
0x60ab39Aab2bCA84A9099CEBC89523C10FcBb12b0,2137577414181400000000
0x62373a7d753ECea3Eef5d2EdCD8C4bE4E40CE0f9,57093757514284981989
0x63d0333D160f9971FB898Df00627470Dd15c50a2,110000000000000000000
0x648E180e246741363639B1496762763dd25649db,60868401605938246850128
0x64B7fcC8C17540139BDd84d00c7261035602Cb66,124374277635848261705262
0x6593f0DC654597A5Bf2f78224FEEF81a545C1222,714229937933914601844
0x65B0F840ea292fc284C23Fc839e65b3951d46195,1777690439196292000000
0x66300889AFb808626498c28e3811bb9B06A014aD,15498410874951271371
0x668bfb5ecD91dd69E04200adA34162a19D23E033,1000486562570440645699
0x66a3Bd05e7eE207cB4688c56a4aA055708994Ecf,2081222830105576024421
0x66d0E180af64fb368679F91765Affc99174396AC,8529769791739789322105
0x67017BEbE2A4B8645B28F83D5D472618b35a1230,10122444765332600298112
0x67BC76E8Fd78CC59594C9F43C643eA7CAfA48669,5884278144397875721754
0x67e326eD4972650FbC9541b81A57dED004f3e4Ee,22004410591305687933094
0x68F18759e83a21dA121E134949103bf5F0737073,47021958638332554536620
0x68FE88060ac8772d9ec7F40deb535c4873260F8A,200000000000000000000000
0x6a1a3eCd04DF0fF2d7cb25584052CDD173fC609B,333751860306482340384
0x6A5170a1987eeC647868B6B71C550063f2a4779C,856245621234910988123
0x6Aa7EE5B0e557d50382A6d18B5e5f0c7eECBFfb4,1675962173901200000000
0x6AD7baBfdC153ec9dDC78b49523f33FFaD4f3631,453748967423440754598407
0x6ADCF08deaAf5913079707f923279ef4c6D5225e,3956637268288473896685
0x6b7Ac46d09d2ADF4CeBe2995EbF9d97E13E9E257,295565160902536991543934
0x6c064fB0B9956b111fDCFE4297c03C980DD7730C,8399018443070640332696
0x6D6D09B2AADDfBd2447E27b9E97da47e83a2f0E4,1236000000000000000000
0x6E1C5ACbAbaF0B3c73D4412c17C40D2F1D2e183b,25762584945634162151234
0x7091de9A5435dbA7F051045d64c5ef56bD96064e,3472759707505788442505
0x7136fbDdD4DFfa2369A9283B6E90A040318011Ca,54984874048539000000
0x72b223De2F773C814465C4A8f2Ef9FaAe702Cfb3,123937110694029471406352
0x73197eD80b1784B2facE98d1600c37190fDbc3D9,1036424094841208478913
0x73B3cE33d3750fcEe9aaB1200B80c5AA66B4b5fa,107180503606183215903
0x73Cbc02516f5F4945cE2F2fACf002b2c6aA359e7,25309808076319086057106
0x73FdDe9A7973f8De25c0ecE9D158E1b529C3939d,9172000000000000000000
0x74C4623d7609F3eB2665aD32Ff96B44856b6051b,5081000000000000000000
0x7558B9A644CcD3C815F7b717213Dff0B0a9b0f98,2305244496740126786493
0x758C5366c1C681E102C469C342EDcc8807AE0060,2978083691920525045702
0x75Bf35F00D243c9f01a27eBAAFdBaE08b4e00b00,81957850000000000000
0x76809DEB9333B256398f04e9b06759d3f55944cb,500000000000000000000
0x76977d13dbAd4672fabdCc1B2c739f5230d8c2e1,1086813347582597167216
0x76E0266c3C4d2766722A13db031714cB208C922d,900519365884803033849
0x7763D4CE482C35B59AA0fc48Ae2EABd00F60b82e,5225328059135853909124
0x784F0d732aF31C7d70F2e37761D388Ce172c7482,26316452174309906523282
0x7917d37a540c6d26ffeEbD2dA51875ecb2568eA8,8865705422691091032576
0x796AC8a608b252284001Da660f397Df935d25233,6815510563008713589039
0x797BC498EdEE4357a16a1054dB0323CbD04C84c3,247291562442033705331
0x79939118Ef2af99E20310eCC5CCC0E9697d390FC,216300358831261377170767
0x7A57546e74Ada6D8d93892Ffa11a57373dB45E13,5565923341923805186521
0x7B79c37Bb80cc76Fe6b758c7140228FEcc7e2A2e,45675156893183494865
0x7bDb45b1fe5B3eB17a4C7a16C9750C7e10CcF08d,407636000000000000000000
0x7c2848826de6bA917FdCA23cCf5c2C3e1CB031f6,1350000000000000000000
0x7ccf173012bfE53F16F4D6A2a4aea32abAfcD04C,32519672709851652528357
0x7Cfed2A2d4a98680daC6aA55120f5AF2EC562EbD,112033975728300701812225
0x7d0a2547b23e5F91F448bD9D2ae994748Af2C1E3,10240803036445454784094
0x7d974f3945E6FdD158828e6A0284fE54Fa876567,1569879600000000000000
0x7dd508a1e4Da1243789B799a480f8B45e58b1B5b,1054000000000000000000
0x7DFceB66eE379b66946158c40Bd4cac1C7db50b1,849197669989018852882
0x7E938881C1b33af6E774b27908B32F28D5B35b9C,6720053864894292000000
0x7ecF3a3ea7Cfd250dA7fc33d85bb2157706f247C,144367464017044622235
0x8061199A31983A077E691C08B2263a4CF5c24093,15395897887795162419396
0x80658E3657882cFa73fff0eb20c92Aa5E948230C,97597436805697321319906
0x80FDc30D21A672EeF723b809Ed4ba7c91728D421,45906536857285200000000
0x81aFcF6Dd79897cBa488471eCEc2f41BF3f7CA9B,1022790813720310863002
0x82703281e7ff09CD2492Ddb6B8c5Fa645efDA819,34968931619430259539943
0x827eA2C64d3f5093F632ab6DaA94EE8d7eEe0686,1200108000000000000000
0x83111e1888C1e49e8703e248EDEAA34EF868A1DE,1435339586004299168025
0x8410373DF6E9b20765c9599c26d585B2cd0Ef628,230563277616685000000000
0x84bcfa8Fe160b271dc49B1Fb263ad995e0C2c1dF,100000000000000000000000
0x852cFCA2F9DB0D9b2016C467BDb989C694f078F7,243000000000000000000
0x854f18D14E09Af41AA458A9DF7aa5Bd0cd3BE7E6,70000000000000000000000
0x86CDf20021c2544D8e3d1843ccc5780344EB575F,193000000000000000000
0x8703BDb1b413060a13c2f4712A30ADC86B34f7Ce,14953379648910550083359
0x87616fA850c87a78f307878f32D808dad8f4d401,40845487448670382870753
0x884999214c56091853765B9D4323Cf8BB9f7E699,272919163855986940963
0x887C3599c4826F7b3cDe82003b894430F27d5b92,23140860684428577540522
0x89d2D4934ee4F1f579056418e6aeb136Ee919d65,1150190000000000000000000
0x8a1ec127978bCC7499b2A188Df2Bd1810F522Ac7,859907189440394000000
0x8aB9cFE91574ce10cbB16750e207EEBd89e56a83,41297697608423938835
0x8e2540edfA7410B6f32f54D4cBF715Acfe2F2e5B,25083324208083087912469
0x8e851e94e1667Cd76Dda1A49f258934E2BCDCF3e,23127427467674989606118
0x8f9f865Aafd6487C7aC45a22bbb9278f8fc06d47,18904640981028010748481
0x8fe4e9F56152Cece6771Fd01A1ef596cAEC3EDBf,1416721515054492000000
0x9064Fe489B444393EA2Ae8d24FE21f00557b3eAb,1290090269719902000000
0x9128D7a95b7811af2da2cEd9116b04C78792b84F,9759367386037093956410
0x91B26b4B49525fDFfff2B099190149a52A36c3cA,9340776100405589377190
0x91bC4c63c71AF1F8951D73B155cB0e0C92386481,710167895001661357918
0x9309026ae5f4c5ea1D6B5812C49C14DacB35211b,1349442000000000000000
0x948FED1E5ea61971C9CcfC05688d6d7b25458581,261058600000000000000
0x955A44E6baC7c2424Bb52b81870C01D28fCE0038,12158028101298958505801
0x9575E331988058247F27ffcd1B9620F10DF028A8,312999046053834340911
0x974Eaf2BF3514674E87b8664D7b53896704cc322,2160063175229711895511
0x976DcA1615502419B7003A1853E022b023d47Cf4,1234534298508332575574
0x98026cCe01f9A30A7D645F5a9FcDcD7f83DFa995,1000000000000000000000
0x9A456152E0Da127C30a49357A461f4c3F80bd630,129917240299009462945074
0x9C1296098183Aa5a16bFb61c2a41FB78e31Af721,1721037278557031518993
0x9c57027B1eca93093a6F446422C59C85A5A3Fa52,172679527919655033777
0x9cA10fe0cCc43d8464e91938E56411e6eCFb8e2d,4149000000000000000000
0x9eD629Bc305c5731D43de27Cbbe8F77976893c2b,9522989149901156087314
0xa00685C1e5dcC40Cf6b70f254C50A81774Da31dc,1012117488720667393114
0xa18e1B9a277f8e09133CE6a0219B31d4B482A162,830545782520180888801
0xA1a998d0F80FF4767047A8a99110Ef0783286DF0,544278500000000000000
0xa1E91a4CF28f8C098C7bAb3093734Ad38B89f278,1601542266426380099426
0xa2f696958A5e023014620687f1D34755c707E5D1,24000000000000000000000
0xa30C7B2e676bE6b0C26D631c8161b62eBeBC3cD2,1002646000000000000000000
0xa5cA469103c502c5137AfD926a644253fE5FB73e,18468127086006134907322
0xA5D348E0D34EA0B19B7EDafcb1aAfF0d9AB42336,450000000000000000000
0xA6b94Ce98D6CD4f447a9C6788F169DD17f65f747,1000000000000000000000
0xa6D1FEda6fc70680816eF6A23faf5e454e2f9C09,2800637500000000000000
0xA742A54E0b9Cd1Cac03c8F569bA4C606694261f9,118055038297221359235219
0xa972691EF44eb3bad4a015399BA43a00EaD047f8,13640997912933431339765
0xaA1A54BfA93Be8Ac8D01182827433F227ba59e17,3147080098913910326032
0xAAe6212D640B7f66abd9D9e0284b5ae8434EA109,1174752648752801914868
0xAB14a078201f92918674206bFd803F34b9C1a0Bb,25871747525953184406281
0xab4382aAdae5bF4b37B90b9dc07FC72D52e2a28A,8330710456258954444557
0xABC06d10A5bFF7761C01AE5591597088008484d5,2677863918705691661663
0xaBf26352aAdAAa1CabFfB3a55e378bac6BF15791,300002000000000000000
0xAC3c2F091eDEA973F666173b3eBd242A80FE411c,8594976322080606755705
0xAC60913f8E9821E9006507b05E1956f5A82749c1,3972231499775493715370
0xAC9283ebcd0c41FAA7A5399Ad94acc444954b446,77953205927701571627276
0xacc33E6BD41D6003334149151d20931c4D449178,1677480270451778877011
0xaD1A787a26Dd30B7A810417bbe96E32f12564D83,50000000000000000000000
0xAeEca1F1911Ceb3b052b38eE86dAd35C543c88a0,48539848253211000000
0xAF312F43cbe83b44bEbAF47b203D6099BC73A84e,1200620541941886001130
0xB0331b22161cA290A15f825A29C008dCB5e1ff68,7116324183732036340639
0xB05136FAcE3F8c6f9e6CDb076a38Ee6D4910f6d4,130000000000000000000000
0xb05607F54F95392F7F96d8F5d20649122E11D975,10645628806787993600859
0xb11C0Ad983cf3c4912FD37809522A81aAaD3b1ee,8638688967833250000000
0xb3a7FBC2fa38C18ad4433aE93FE7F215Fd2D057f,1572723957364582401610
0xB478d2e5D241683667e15c9c79a2Bc0e5aF35923,29179370180934090169059
0xB4ADB7794432dAE7E78C2258fF350fBA88250C32,30111886696810500000
0xB4dC4C7460c58E7652Cd615675a1F707EbB67E9a,6429532302816260418339
0xB5507Aa0Efd9e1B6C343c9eC3f5B4e5C40cEF654,443740153312297273997
0xb6Bc98F5D7F6CE3c0946f7675128ab673e6c5D41,455962354172240809750
0xB6C9e6A2415aB8d26335498BEAc8eeBED4BB2259,8431701749600837156057
0xB6E994d559a13560343Ab6dFE58b4c46AeE8705f,2444000000000000000000
0xB6fcA91D1c166564cC9888F96b3B553f42C96349,13131637610679838271652
0xb8767b8AC030cb2DDb7605F6E79f342f707F73E1,8551490000000000000000
0xB98eC0012FBA5de02ab506782862A63A7945ee9c,1809000000000000000000
0xBa74e6E09B2Ae7470a67dceF71846216C83CF36F,21899003755399989632912
0xBA7e9Bb153F9c4C32903b721eB53B751E2c0bF12,9362160066189281064195
0xBc4811f78DCb2AC60c026e871f697d87Fc36022b,123625338006809469417068
0xbC60AA031a9f34BD7992c99eaE5e2C4Dd1b5dBc3,83333333333300000000
0xbD1bfF03034aC340235E48EE35c85b1121b8198e,3176000000000000000000
0xbd5361A94c803D26240A6B5586710ab48ed1d9Dd,3074927608040273272445
0xbE8Fe12B9EB1CA2a593e6C070c71c294b6FE9f00,210238472889745270706131
0xC04A14172EFb4558Bb49Bc360039D8df4F5F9577,295763558333215027910
0xC07EF9FDa2d42a7757172f6A7CDa2a63599591ED,3500000000000000000000
0xc0AFEF712a1341cA78dA145B2AFAd346E8C3574F,4116129437287896807236
0xc15c75955f49EC15A94E041624C227211810822D,49999983333333330000000
0xc1f480389B9B7c5471B48F910657F5e08687B763,2609150038362080521055
0xc31dB4e4d5C2c803A3B1b3F484e248E70185D40d,208188049762345490721
0xC3598d91844B061195136600AD243b077Cc164e2,631637254929308876383962
0xc4063235CF1f595A1f85a4941986b214709B84b8,3781934477401541682851
0xC43D49a247923F1C7837c806a1eEaa1891387f75,85006629999999990000000
0xc4d6fdEA25346267441622FeB0e2618544Cef228,36375262396088819339768
0xc6C6b53c67Ad86302d501F3e8623Cf98F6291F6D,126718916128005816245
0xc6CA65DFa134481a0910bBE0BFA9a38c76012217,2831717042434851169310
0xc6E4Ad3ccdfC65687D2d60a454a8bdDc1F4d6c06,4989580872139652608115
0xc86A24B95E34ad68584cD8a3323f87d64F474225,4091744865031363810768
0xC949c2f384f0E0fc848A41052E7D0c467Ca43D54,2932386200888550811196
0xC9B7F801541f88aE2F62C4C0eED29949D057c951,30869093321038294697435
0xC9C03900134fa324422519852094792298c71825,1940467413725193000000
0xCA2fcDEFC09c1EaB0b91b66EbD3eB8401852fE5D,1020950749400966413599
0xCaB5541bad35e9ee799BeA9765C3c416D8Cc1Bb8,1763865278882408835006
0xce56D6b89aBa96C43E8FbF02C3BF34A751952c19,50000000000000000000000
0xcFF03aB20709c928d7478764473e386F7b23EDD1,7405117033807666269101
0xcfF7303b8E08403438c751bF21c04771252fA413,20333153509500631418030
0xd042231Dd90C4C7da131403C3CaC943c7773D654,2500000000000000000000
0xD0496A4f61E751dD3B89B316617D9ceC6156c29F,2082609006918736742339
0xd07c1e03E6B5A2b4f79ff7feCefAFEb9B5A754fd,30000000000000000000
0xd09249db6ED46Bd4544298915b5163F633B11983,3986754155436832164994
0xd0d51Df159971CEEF5B77067237d25B8C8ec4B21,4590000000000000000000
0xd18a54f89603Fe4301b29EF6a8ab11b9Ba24f139,174400500000000000000
0xD1B067580ad619B32Cc06309012B6b46d506Ed6e,507936911587256075425
0xd27d90b337717Fd91C4D409F712B890D4eE2FdD6,36028062187394529475806
0xd384Cc029B537503895fE252f94FBA87A05D677E,3110312432595127586083
0xd39ce81CE8e7243494d4149d05dDDD536ddc2e55,5418383251290184319420
0xd3C808920D8fCcBeBd181Aae8D4FB2ACd1A433cD,7573108588768937853037
0xD5a7412e7f78E03E6Fb2bd133F6473bfe8a45eB8,89480890185852263688515
0xd5CBdcC1a7861CF886621162c20A72E9C4121038,31198513930477989385049
0xd5F1b41FCFfd669E4DE960263f12C26AdA9279D7,644346691323845699536
0xD63E2Af499327DC60bB06948a9c1f72bE633a2B6,9907379856863562139
0xD6b2095e913695DD10C071cC2F20247e921EFb8E,427204122676657852565
0xD6ccB9d49A2ecd78efC35D6C733214029a1C74cB,11906114699180588286277
0xd6e371526cdaeE04cd8AF225D42e37Bc14688D9E,106395889505001659416705
0xd77dF77aeD43C370821b9F69BF07B6287bb687B8,26133670253146980709757
0xD781F65cD90eE9418C70d1D244192C349Bf1176c,10000000000000000000000
0xd7dEdcf8fFDDCEeD9aD20A41A5F88DC1268B3ad4,25868269991654425447202
0xD84409d9593413Ca38A3B2b9A2Ba776E7C1EBCa1,731029693962053528680
0xD92684271447917b93623AD4107A246e9Bb181c8,1075000000000000000000
0xd98cB41e6878A67732f5821c6EFe703aA5C3D65a,1001762073486343793216
0xD9A0013af48591f8524280D6f8f98189cef45308,206541983217542700000000
0xDA073663Ca3CF93e9d7E46B6DCD299B9C66B851f,2049799442495719051973
0xDADBbE2886327d05d4266466Cfa9d4fe496b56Dd,413695319663057430182
0xdb4D88080ED478c729B07E23f8e0ccD1f57D3f9B,4284736798012347938693
0xDb8D484c46cE6B0bd00f38a51b299EB129928AC0,1389543992168793004817
0xdC6CE98A9020905973C9C026c6f3e34df9998D8A,21472023980358211325289
0xDd956ab0f6020c2Be35be89C54Ba8841E290f778,18758000000000000000000
0xDDd0baC975c36b435Ea15d350A3036Ff7d604318,48315880843606936444705
0xDE60d916a99D51C1bf58D36674492033Fe580BbB,6202152398870823016983
0xdeEa4b6448fDdb2a8223a4af773378e047BA253D,9706826503724398000000
0xDfd5A73f0D46b563181EC292397Ee3225246aAe6,612754593514355545693
0xE26EDCA05417A65819295c49fC67272Ab247D791,52787257839159265503806
0xe307e911991ED5Df44920E648245C49573E6F779,57938041377139265073897
0xE3ceB1966728f0f1F614365DBF5dCc84BEe36957,768615400000000000000
0xE4014Fd584388AE6191Eb22E07811E1E5da9838b,9872105200000000000000
0xE5A3D77D7788A83f3549dD7F08Fc2aCed7E262d2,89189911844972698106898
0xE70CfdB698Dde588c398Afc0563EbF5616aD33B2,1942460240921204000000
0xe7B15A2395d3a3073217F85367D16eED8C2539c9,5857287220893170812875
0xe89dEe662C94FfEE76d0942f4a4bAD27cC076dd2,148080000000000000000
0xE9c7d60e9b32B64f9306A274730FE681d7EE8F7A,24024988487507254138638
0xE9dF41eAD054F9a8E6Fe24A25071A3B571cB6446,27628482154196831590679
0xEa9f2E31Ad16636f4e1AF0012dB569900401248a,1217073196291803754710368
0xEB2109A191f3B552A38286781B501Cf16FB1b6b8,7821947139834956973540
0xeb4135a5fff5cD44c08614f012e103a6429f65B3,7401942710698318534731
0xEBFb007AC8E6239bAEe43d4812e0373783e0D34F,79504085619340077937697
0xeC5c16f3EAF86a801a3E89201DD39bDDD1786cBF,427618945216317463296
0xedf4FA418216A13E7629fED73e7448985CC8Bc82,5997514942967285000000
0xEE5C256721Abe58Af6f582C0eFd6774Dd2765038,52786258222343890429
0xEeaA36420519d85EfaB3b7120ac5Afa5a5825bFB,637499950000000000000000
0xeeBfdF4cE58F4F5442495d7e474d5Da00AfF0f57,24026177081271896437290
0xefE7a2bbe01adc090AB28eD422a359b553aAbC16,15000000000000000000000
0xf0754756E71aac7aD2B6497E7006F5E44D68D592,38548709922077880061121
0xf08d3B4048f472db9AFCa622fea6C54Cc1fe141C,856469685446981020912
0xf15bDFf7a1f2F5D7C4f7cFdAbfB669Cb2630f86b,433503612542488755797
0xF16579B805fca520f06280AB2A539868D75dd01B,6475504041216980227206
0xf195faA0602f8b6537a3aE6A30c4Ed618FDB21eD,5500420804366547916595
0xF3B7A54e74817003aF1Ce65e65EC0A54C76A86ef,511577800000000000000
0xF3DD72AC3c9833574491861793e8fFe1f07c8905,67351310768560121293117
0xF7b8a7D68338f6B1d0EFa76eA5964042cbF16aBd,989321000000000000000
0xF848E384e41d09DCe3DcAeD37e1714418e68ea7F,1529211292687579634713
0xF8C84C6A4f1083f7a7Fd94885B303A3974116D82,300000000000000000000000
0xf977516D80205560EE3810a2241EddDc4fde8D2d,1250527914547170809538
0xF9a5844AC0b81Bc45f448F864D484E0EF5927D5f,10000000000000000000000
0xfaecAE4464591F8f2025ba8ACF58087953E613b1,626914793668209333388
0xfB1D7F6c700A053683f80447B387A891D5f76aaC,12518670242434792647374
0xfB8aA192dA69DD3DE22a9354EA99538315446c0D,12349227536651135628504
0xFB9e5F5874565A6eF8FCF1DEbc4975501331a8Ca,17305518235638114188418
0xfc0ac081405AD9B335d6A2d5a0812a4959Ad4372,4438343435511473734877
0xFd28D67eD154B734257276e5d090721434bd51A4,777670000000000100000
0xFdE2805fde29D74b0A26Df96d473De328e16dbfB,719136134001115927650
0xfDf7F859807d1dC73873640759b2706822802529,555382870842520821360
0xFeFe8736B8DEbEb1592DaC993c81e002aF8C34e9,7441477537556760329372
0xff67A86A01C7c90B0c3f3A26B65C25f432ec1751,595333085665312996183
